{"cameraMode":{"drawMode":0,"name":"Shaded","section":"Shading Mode"},"sceneLighting":true,"audioPlay":false,"sceneViewState":{"m_AlwaysRefresh":false,"showFog":true,"showSkybox":true,"showFlares":true,"showImageEffects":true,"showParticleSystems":true,"showVisualEffectGraphs":true,"m_FxEnabled":true},"in2DMode":false,"pivot":{"x":50.8644905090332,"y":-108.42503356933594,"z":204.60321044921876},"rotation":{"x":-0.30781179666519167,"y":-0.01696881838142872,"z":0.005178817082196474,"w":-0.9514135122299194},"size":161.89869689941407,"orthographic":false}